{"coverage":{},"coverageSummary":{"lines":{"total":0,"covered":0,"skipped":0,"pct":100},"statements":{"total":0,"covered":0,"skipped":0,"pct":100},"functions":{"total":0,"covered":0,"skipped":0,"pct":100},"branches":{"total":0,"covered":0,"skipped":0,"pct":100}},"lints":[{"severity":1,"value":"app/js/app.js::8: Expected rejection to be handled."},{"severity":1,"value":"app/js/app.js::162: Expected rejection to be handled."},{"severity":2,"value":"app/js/appointment.js::106: 'resp' is defined but never used."},{"severity":1,"value":"app/js/appointment.js::119: Expected rejection to be handled."},{"severity":1,"value":"app/js/appointment.js::145: refrain from simply logging errors."},{"severity":1,"value":"app/js/appointment.js::155: 'newAppointment' declared and assigned in different scopes. Possible asynchronous race condition."},{"severity":1,"value":"app/js/restaurant.js::8: Expected rejection to be handled."},{"severity":1,"value":"server/server.js::32: Expected rejection to be handled."},{"severity":1,"value":"server/server.js::33: Expected rejection to be handled."}]}